Org,OrgName,Cla,Position,ClaPos,Salary
ACTG,School of Business Accounting Department,PC,Associate,PC.Associate,198000
ACTG,School of Business Accounting Department,PC,Associate,PC.Associate,200700
ACTG,School of Business Accounting Department,PR,Full,PR.Full,124700
ACTG,School of Business Accounting Department,PR,Full,PR.Full,137400
ACTG,School of Business Accounting Department,PR,Full,PR.Full,175100
ACTG,School of Business Accounting Department,PR,Full,PR.Full,207700
ACTG,School of Business Accounting Department,PR,Full,PR.Full,212500
ACTG,School of Business Accounting Department,PR,Full,PR.Full,214700
ACTG,School of Business Accounting Department,PR,Full,PR.Full,228500
ACTG,School of Business Accounting Department,PT,Assistant,PT.Assistant,180100
ACTG,School of Business Accounting Department,PT,Assistant,PT.Assistant,181200
ACTG,School of Business Accounting Department,PT,Assistant,PT.Assistant,181200
ACTG,School of Business Accounting Department,PT,Assistant,PT.Assistant,182200
ACTG,School of Business Accounting Department,PT,Assistant,PT.Assistant,184100
ACTG,School of Business Accounting Department,PT,Assistant,PT.Assistant,185300
ACTG,School of Business Accounting Department,PT,Assistant,PT.Assistant,192600
ANTH,Anthropology,PC,Associate,PC.Associate,68575
ANTH,Anthropology,PC,Associate,PC.Associate,73222
ANTH,Anthropology,PC,Associate,PC.Associate,73362
ANTH,Anthropology,PC,Associate,PC.Associate,74000
ANTH,Anthropology,PC,Associate,PC.Associate,74253
ANTH,Anthropology,PC,Associate,PC.Associate,74435
ANTH,Anthropology,PC,Associate,PC.Associate,76808
ANTH,Anthropology,PC,Associate,PC.Associate,77554
ANTH,Anthropology,PC,Associate,PC.Associate,82702
ANTH,Anthropology,PC,Associate,PC.Associate,86868
ANTH,Anthropology,PR,Full,PR.Full,106608
ANTH,Anthropology,PR,Full,PR.Full,110000
ANTH,Anthropology,PR,Full,PR.Full,118958
ANTH,Anthropology,PR,Full,PR.Full,190674
ANTH,Anthropology,PR,Full,PR.Full,81552
ANTH,Anthropology,PR,Full,PR.Full,82035
ANTH,Anthropology,PR,Full,PR.Full,88913
ANTH,Anthropology,PR,Full,PR.Full,89199
ANTH,Anthropology,PR,Full,PR.Full,89588
ANTH,Anthropology,PR,Full,PR.Full,91291
ANTH,Anthropology,PT,Assistant,PT.Assistant,72628
APHS,Applied Health Science,PC,Associate,PC.Associate,104145
APHS,Applied Health Science,PC,Associate,PC.Associate,83640
APHS,Applied Health Science,PC,Associate,PC.Associate,86346
APHS,Applied Health Science,PC,Associate,PC.Associate,89621
APHS,Applied Health Science,PC,Associate,PC.Associate,90016
APHS,Applied Health Science,PC,Associate,PC.Associate,90447
APHS,Applied Health Science,PC,Associate,PC.Associate,92531
APHS,Applied Health Science,PC,Associate,PC.Associate,94551
APHS,Applied Health Science,PC,Associate,PC.Associate,98201
APHS,Applied Health Science,PR,Full,PR.Full,110397
APHS,Applied Health Science,PR,Full,PR.Full,120000
APHS,Applied Health Science,PR,Full,PR.Full,166818
APHS,Applied Health Science,PR,Full,PR.Full,179673
APHS,Applied Health Science,PT,Assistant,PT.Assistant,72917
APHS,Applied Health Science,PT,Assistant,PT.Assistant,72930
APHS,Applied Health Science,PT,Assistant,PT.Assistant,74013
APHS,Applied Health Science,PT,Assistant,PT.Assistant,74522
APHS,Applied Health Science,PT,Assistant,PT.Assistant,76779
BEPP,School of Business Economics & Public,PC,Associate,PC.Associate,135000
BEPP,School of Business Economics & Public,PC,Associate,PC.Associate,140200
BEPP,School of Business Economics & Public,PC,Associate,PC.Associate,151600
BEPP,School of Business Economics & Public,PC,Associate,PC.Associate,152100
BEPP,School of Business Economics & Public,PT,Assistant,PT.Assistant,128400
BEPP,School of Business Economics & Public,PT,Assistant,PT.Assistant,128400
BEPP,School of Business Economics & Public,PT,Assistant,PT.Assistant,128400
BFIN,School of Business Finance Department,PC,Associate,PC.Associate,187300
BFIN,School of Business Finance Department,PC,Associate,PC.Associate,207500
BFIN,School of Business Finance Department,PC,Associate,PC.Associate,212800
BFIN,School of Business Finance Department,PC,Associate,PC.Associate,218000
BFIN,School of Business Finance Department,PC,Associate,PC.Associate,220000
BFIN,School of Business Finance Department,PC,Associate,PC.Associate,221000
BFIN,School of Business Finance Department,PC,Associate,PC.Associate,222800
BFIN,School of Business Finance Department,PC,Associate,PC.Associate,226100
BFIN,School of Business Finance Department,PC,Associate,PC.Associate,239000
BFIN,School of Business Finance Department,PR,Full,PR.Full,181700
BFIN,School of Business Finance Department,PR,Full,PR.Full,256600
BFIN,School of Business Finance Department,PR,Full,PR.Full,278100
BFIN,School of Business Finance Department,PT,Assistant,PT.Assistant,187300
BFIN,School of Business Finance Department,PT,Assistant,PT.Assistant,192100
BFIN,School of Business Finance Department,PT,Assistant,PT.Assistant,197700
BFIN,School of Business Finance Department,PT,Assistant,PT.Assistant,198100
BFIN,School of Business Finance Department,PT,Assistant,PT.Assistant,202200
BFIN,School of Business Finance Department,PT,Assistant,PT.Assistant,207000
BI,Biology,PC,Associate,PC.Associate,101059
BI,Biology,PC,Associate,PC.Associate,104000
BI,Biology,PC,Associate,PC.Associate,119646
BI,Biology,PC,Associate,PC.Associate,59882
BI,Biology,PC,Associate,PC.Associate,60674
BI,Biology,PC,Associate,PC.Associate,81000
BI,Biology,PC,Associate,PC.Associate,81898
BI,Biology,PC,Associate,PC.Associate,83058
BI,Biology,PC,Associate,PC.Associate,83379
BI,Biology,PC,Associate,PC.Associate,83441
BI,Biology,PC,Associate,PC.Associate,85673
BI,Biology,PC,Associate,PC.Associate,86240
BI,Biology,PC,Associate,PC.Associate,88000
BI,Biology,PC,Associate,PC.Associate,90000
BI,Biology,PC,Associate,PC.Associate,90118
BI,Biology,PC,Associate,PC.Associate,96054
BI,Biology,PC,Associate,PC.Associate,96480
BI,Biology,PC,Associate,PC.Associate,97000
BI,Biology,PR,Full,PR.Full,103375
BI,Biology,PR,Full,PR.Full,104123
BI,Biology,PR,Full,PR.Full,106000
BI,Biology,PR,Full,PR.Full,115599
BI,Biology,PR,Full,PR.Full,116592
BI,Biology,PR,Full,PR.Full,119500
BI,Biology,PR,Full,PR.Full,123106
BI,Biology,PR,Full,PR.Full,131014
BI,Biology,PR,Full,PR.Full,142463
BI,Biology,PR,Full,PR.Full,155603
BI,Biology,PR,Full,PR.Full,157745
BI,Biology,PR,Full,PR.Full,93127
BI,Biology,PT,Assistant,PT.Assistant,76618
BI,Biology,PT,Assistant,PT.Assistant,76624
BI,Biology,PT,Assistant,PT.Assistant,76630
BI,Biology,PT,Assistant,PT.Assistant,76787
BI,Biology,PT,Assistant,PT.Assistant,76861
BI,Biology,PT,Assistant,PT.Assistant,76885
BI,Biology,PT,Assistant,PT.Assistant,76939
BI,Biology,PT,Assistant,PT.Assistant,77037
BI,Biology,PT,Assistant,PT.Assistant,77052
BI,Biology,PT,Assistant,PT.Assistant,77500
BI,Biology,PT,Assistant,PT.Assistant,78755
BLAN,Dept of Business Law & Ethics,PC,Associate,PC.Associate,112600
BLAN,Dept of Business Law & Ethics,PC,Associate,PC.Associate,117600
BLAN,Dept of Business Law & Ethics,PR,Full,PR.Full,141800
BLAN,Dept of Business Law & Ethics,PT,Assistant,PT.Assistant,111000
BLAN,Dept of Business Law & Ethics,PT,Assistant,PT.Assistant,113200
BLAN,Dept of Business Law & Ethics,PT,Assistant,PT.Assistant,98600
CEDP,Counseling & Educational Psy,PC,Associate,PC.Associate,71310
CEDP,Counseling & Educational Psy,PC,Associate,PC.Associate,71395
CEDP,Counseling & Educational Psy,PC,Associate,PC.Associate,72648
CEDP,Counseling & Educational Psy,PC,Associate,PC.Associate,72972
CEDP,Counseling & Educational Psy,PC,Associate,PC.Associate,73548
CEDP,Counseling & Educational Psy,PC,Associate,PC.Associate,74618
CEDP,Counseling & Educational Psy,PC,Associate,PC.Associate,76180
CEDP,Counseling & Educational Psy,PC,Associate,PC.Associate,82847
CEDP,Counseling & Educational Psy,PC,Associate,PC.Associate,83019
CEDP,Counseling & Educational Psy,PC,Associate,PC.Associate,83762
CEDP,Counseling & Educational Psy,PR,Full,PR.Full,100141
CEDP,Counseling & Educational Psy,PR,Full,PR.Full,101354
CEDP,Counseling & Educational Psy,PR,Full,PR.Full,116264
CEDP,Counseling & Educational Psy,PR,Full,PR.Full,117521
CEDP,Counseling & Educational Psy,PR,Full,PR.Full,123930
CEDP,Counseling & Educational Psy,PR,Full,PR.Full,88626
CEDP,Counseling & Educational Psy,PR,Full,PR.Full,91386
CEDP,Counseling & Educational Psy,PR,Full,PR.Full,98581
CEDP,Counseling & Educational Psy,PT,Assistant,PT.Assistant,61200
CEDP,Counseling & Educational Psy,PT,Assistant,PT.Assistant,61666
CEDP,Counseling & Educational Psy,PT,Assistant,PT.Assistant,63885
CEDP,Counseling & Educational Psy,PT,Assistant,PT.Assistant,64392
CEDP,Counseling & Educational Psy,PT,Assistant,PT.Assistant,69365
CEDP,Counseling & Educational Psy,PT,Assistant,PT.Assistant,76875
CEDP,Counseling & Educational Psy,PT,Assistant,PT.Assistant,77056
CHEM,Chemistry,PC,Associate,PC.Associate,102028
CHEM,Chemistry,PC,Associate,PC.Associate,107000
CHEM,Chemistry,PC,Associate,PC.Associate,120000
CHEM,Chemistry,PC,Associate,PC.Associate,120596
CHEM,Chemistry,PC,Associate,PC.Associate,133167
CHEM,Chemistry,PC,Associate,PC.Associate,88601
CHEM,Chemistry,PC,Associate,PC.Associate,92412
CHEM,Chemistry,PC,Associate,PC.Associate,96467
CHEM,Chemistry,PR,Full,PR.Full,128953
CHEM,Chemistry,PR,Full,PR.Full,129136
CHEM,Chemistry,PR,Full,PR.Full,134665
CHEM,Chemistry,PR,Full,PR.Full,145723
CHEM,Chemistry,PR,Full,PR.Full,162343
CHEM,Chemistry,PR,Full,PR.Full,167105
CHEM,Chemistry,PR,Full,PR.Full,175000
CHEM,Chemistry,PR,Full,PR.Full,195449
CHEM,Chemistry,PR,Full,PR.Full,213716
CHEM,Chemistry,PT,Assistant,PT.Assistant,79817
CHEM,Chemistry,PT,Assistant,PT.Assistant,79981
CHEM,Chemistry,PT,Assistant,PT.Assistant,80000
CHEM,Chemistry,PT,Assistant,PT.Assistant,80093
CHEM,Chemistry,PT,Assistant,PT.Assistant,80464
CHEM,Chemistry,PT,Assistant,PT.Assistant,80935
CHEM,Chemistry,PT,Assistant,PT.Assistant,81523
CHEM,Chemistry,PT,Assistant,PT.Assistant,84302
CHEM,Chemistry,PT,Assistant,PT.Assistant,90000
CHEM,Chemistry,PT,Assistant,PT.Assistant,90000
CSCI,Computer Science,PC,Associate,PC.Associate,101226
CSCI,Computer Science,PC,Associate,PC.Associate,106723
CSCI,Computer Science,PC,Associate,PC.Associate,107341
CSCI,Computer Science,PC,Associate,PC.Associate,108561
CSCI,Computer Science,PC,Associate,PC.Associate,109149
CSCI,Computer Science,PC,Associate,PC.Associate,113798
CSCI,Computer Science,PC,Associate,PC.Associate,114000
CSCI,Computer Science,PC,Associate,PC.Associate,114036
CSCI,Computer Science,PC,Associate,PC.Associate,114453
CSCI,Computer Science,PC,Associate,PC.Associate,115000
CSCI,Computer Science,PC,Associate,PC.Associate,119497
CSCI,Computer Science,PC,Associate,PC.Associate,133896
CSCI,Computer Science,PC,Associate,PC.Associate,75639
CSCI,Computer Science,PC,Associate,PC.Associate,80118
CSCI,Computer Science,PR,Full,PR.Full,113952
CSCI,Computer Science,PR,Full,PR.Full,116598
CSCI,Computer Science,PR,Full,PR.Full,124983
CSCI,Computer Science,PR,Full,PR.Full,128295
CSCI,Computer Science,PR,Full,PR.Full,133340
CSCI,Computer Science,PR,Full,PR.Full,134211
CSCI,Computer Science,PR,Full,PR.Full,137720
CSCI,Computer Science,PR,Full,PR.Full,156446
CSCI,Computer Science,PR,Full,PR.Full,174275
CSCI,Computer Science,PT,Assistant,PT.Assistant,92378
CSCI,Computer Science,PT,Assistant,PT.Assistant,92500
CSCI,Computer Science,PT,Assistant,PT.Assistant,92500
CSCI,Computer Science,PT,Assistant,PT.Assistant,94487
CSCI,Computer Science,PT,Assistant,PT.Assistant,95950
CSCI,Computer Science,PT,Assistant,PT.Assistant,96228
CSCI,Computer Science,PT,Assistant,PT.Assistant,98210
ECON,Economics,PC,Associate,PC.Associate,154000
ECON,Economics,PC,Associate,PC.Associate,172000
ECON,Economics,PC,Associate,PC.Associate,172500
ECON,Economics,PR,Full,PR.Full,133541
ECON,Economics,PR,Full,PR.Full,145638
ECON,Economics,PR,Full,PR.Full,152437
ECON,Economics,PR,Full,PR.Full,190014
ECON,Economics,PR,Full,PR.Full,206947
ECON,Economics,PR,Full,PR.Full,213467
ECON,Economics,PR,Full,PR.Full,220668
ECON,Economics,PR,Full,PR.Full,235719
ECON,Economics,PT,Assistant,PT.Assistant,100410
ECON,Economics,PT,Assistant,PT.Assistant,104870
ECON,Economics,PT,Assistant,PT.Assistant,111170
ECON,Economics,PT,Assistant,PT.Assistant,113285
ECON,Economics,PT,Assistant,PT.Assistant,115341
ECON,Economics,PT,Assistant,PT.Assistant,115687
ECON,Economics,PT,Assistant,PT.Assistant,120000
ECON,Economics,PT,Assistant,PT.Assistant,120928
ENG,English,PC,Associate,PC.Associate,110136
ENG,English,PC,Associate,PC.Associate,67495
ENG,English,PC,Associate,PC.Associate,68450
ENG,English,PC,Associate,PC.Associate,69668
ENG,English,PC,Associate,PC.Associate,73666
ENG,English,PC,Associate,PC.Associate,74206
ENG,English,PC,Associate,PC.Associate,76000
ENG,English,PC,Associate,PC.Associate,76497
ENG,English,PC,Associate,PC.Associate,77500
ENG,English,PC,Associate,PC.Associate,78186
ENG,English,PC,Associate,PC.Associate,78716
ENG,English,PC,Associate,PC.Associate,78978
ENG,English,PC,Associate,PC.Associate,79028
ENG,English,PC,Associate,PC.Associate,80398
ENG,English,PC,Associate,PC.Associate,80868
ENG,English,PC,Associate,PC.Associate,82370
ENG,English,PC,Associate,PC.Associate,87632
ENG,English,PC,Associate,PC.Associate,89664
ENG,English,PR,Full,PR.Full,102221
ENG,English,PR,Full,PR.Full,104916
ENG,English,PR,Full,PR.Full,105038
ENG,English,PR,Full,PR.Full,111372
ENG,English,PR,Full,PR.Full,117203
ENG,English,PR,Full,PR.Full,122885
ENG,English,PR,Full,PR.Full,123231
ENG,English,PR,Full,PR.Full,130000
ENG,English,PR,Full,PR.Full,145434
ENG,English,PR,Full,PR.Full,94353
ENG,English,PR,Full,PR.Full,96538
ENG,English,PR,Full,PR.Full,98000
ENG,English,PT,Assistant,PT.Assistant,62242
ENG,English,PT,Assistant,PT.Assistant,62486
ENG,English,PT,Assistant,PT.Assistant,64000
ENG,English,PT,Assistant,PT.Assistant,64000
ENG,English,PT,Assistant,PT.Assistant,66372
ENG,English,PT,Assistant,PT.Assistant,72500
GEOL,Geological Sciences,PC,Associate,PC.Associate,76117
GEOL,Geological Sciences,PC,Associate,PC.Associate,77259
GEOL,Geological Sciences,PC,Associate,PC.Associate,79966
GEOL,Geological Sciences,PR,Full,PR.Full,102040
GEOL,Geological Sciences,PR,Full,PR.Full,104387
GEOL,Geological Sciences,PR,Full,PR.Full,105786
GEOL,Geological Sciences,PR,Full,PR.Full,123984
GEOL,Geological Sciences,PR,Full,PR.Full,128953
GEOL,Geological Sciences,PR,Full,PR.Full,130832
GEOL,Geological Sciences,PR,Full,PR.Full,135383
GEOL,Geological Sciences,PR,Full,PR.Full,140852
GEOL,Geological Sciences,PR,Full,PR.Full,170509
GEOL,Geological Sciences,PR,Full,PR.Full,86175
GEOL,Geological Sciences,PR,Full,PR.Full,94888
GEOL,Geological Sciences,PT,Assistant,PT.Assistant,68924
GEOL,Geological Sciences,PT,Assistant,PT.Assistant,70719
GEOL,Geological Sciences,PT,Assistant,PT.Assistant,71000
GEOL,Geological Sciences,PT,Assistant,PT.Assistant,73128
HIST,History,PC,Associate,PC.Associate,124238
HIST,History,PC,Associate,PC.Associate,65760
HIST,History,PC,Associate,PC.Associate,67810
HIST,History,PC,Associate,PC.Associate,70000
HIST,History,PC,Associate,PC.Associate,72838
HIST,History,PC,Associate,PC.Associate,73000
HIST,History,PC,Associate,PC.Associate,75000
HIST,History,PC,Associate,PC.Associate,76182
HIST,History,PC,Associate,PC.Associate,84860
HIST,History,PC,Associate,PC.Associate,86323
HIST,History,PC,Associate,PC.Associate,86410
HIST,History,PC,Associate,PC.Associate,88009
HIST,History,PC,Associate,PC.Associate,99850
HIST,History,PR,Full,PR.Full,106598
HIST,History,PR,Full,PR.Full,112030
HIST,History,PR,Full,PR.Full,119140
HIST,History,PR,Full,PR.Full,128778
HIST,History,PR,Full,PR.Full,131615
HIST,History,PR,Full,PR.Full,135659
HIST,History,PR,Full,PR.Full,90673
HIST,History,PR,Full,PR.Full,96164
HIST,History,PR,Full,PR.Full,96609
HIST,History,PR,Full,PR.Full,97693
HIST,History,PT,Assistant,PT.Assistant,62256
HIST,History,PT,Assistant,PT.Assistant,63995
HIST,History,PT,Assistant,PT.Assistant,64394
HIST,History,PT,Assistant,PT.Assistant,65740
HIST,History,PT,Assistant,PT.Assistant,67040
HIST,History,PT,Assistant,PT.Assistant,67205
HIST,History,PT,Assistant,PT.Assistant,68648
HIST,History,PT,Assistant,PT.Assistant,71540
HIST,History,PT,Assistant,PT.Assistant,72676
INFO,Informatics,PC,Associate,PC.Associate,105495
INFO,Informatics,PC,Associate,PC.Associate,105654
INFO,Informatics,PC,Associate,PC.Associate,115000
INFO,Informatics,PC,Associate,PC.Associate,116665
INFO,Informatics,PC,Associate,PC.Associate,83727
INFO,Informatics,PC,Associate,PC.Associate,86747
INFO,Informatics,PC,Associate,PC.Associate,94320
INFO,Informatics,PC,Associate,PC.Associate,97006
INFO,Informatics,PC,Associate,PC.Associate,99733
INFO,Informatics,PR,Full,PR.Full,103153
INFO,Informatics,PR,Full,PR.Full,137204
INFO,Informatics,PR,Full,PR.Full,138789
INFO,Informatics,PR,Full,PR.Full,138794
INFO,Informatics,PR,Full,PR.Full,145265
INFO,Informatics,PR,Full,PR.Full,151402
INFO,Informatics,PR,Full,PR.Full,160000
INFO,Informatics,PT,Assistant,PT.Assistant,82056
INFO,Informatics,PT,Assistant,PT.Assistant,96115
INFO,Informatics,PT,Assistant,PT.Assistant,98814
LAWS,Maurer School of Law,PC,Associate,PC.Associate,148000
LAWS,Maurer School of Law,PC,Associate,PC.Associate,148000
LAWS,Maurer School of Law,PC,Associate,PC.Associate,148000
LAWS,Maurer School of Law,PC,Associate,PC.Associate,148000
LAWS,Maurer School of Law,PC,Associate,PC.Associate,149500
LAWS,Maurer School of Law,PC,Associate,PC.Associate,149500
LAWS,Maurer School of Law,PC,Associate,PC.Associate,149500
LAWS,Maurer School of Law,PC,Associate,PC.Associate,150500
LAWS,Maurer School of Law,PR,Full,PR.Full,116450
LAWS,Maurer School of Law,PR,Full,PR.Full,151200
LAWS,Maurer School of Law,PR,Full,PR.Full,151500
LAWS,Maurer School of Law,PR,Full,PR.Full,151700
LAWS,Maurer School of Law,PR,Full,PR.Full,152000
LAWS,Maurer School of Law,PR,Full,PR.Full,157003
LAWS,Maurer School of Law,PR,Full,PR.Full,167050
LAWS,Maurer School of Law,PR,Full,PR.Full,169400
LAWS,Maurer School of Law,PR,Full,PR.Full,173550
LAWS,Maurer School of Law,PR,Full,PR.Full,176868
LAWS,Maurer School of Law,PR,Full,PR.Full,179750
MATH,Mathematics,PC,Associate,PC.Associate,110834
MATH,Mathematics,PC,Associate,PC.Associate,71834
MATH,Mathematics,PC,Associate,PC.Associate,76137
MATH,Mathematics,PC,Associate,PC.Associate,80000
MATH,Mathematics,PC,Associate,PC.Associate,82500
MATH,Mathematics,PC,Associate,PC.Associate,85282
MATH,Mathematics,PC,Associate,PC.Associate,93118
MATH,Mathematics,PC,Associate,PC.Associate,99546
MATH,Mathematics,PR,Full,PR.Full,103084
MATH,Mathematics,PR,Full,PR.Full,103652
MATH,Mathematics,PR,Full,PR.Full,103878
MATH,Mathematics,PR,Full,PR.Full,105671
MATH,Mathematics,PR,Full,PR.Full,107548
MATH,Mathematics,PR,Full,PR.Full,107705
MATH,Mathematics,PR,Full,PR.Full,114500
MATH,Mathematics,PR,Full,PR.Full,116897
MATH,Mathematics,PR,Full,PR.Full,118321
MATH,Mathematics,PR,Full,PR.Full,121546
MATH,Mathematics,PR,Full,PR.Full,130477
MATH,Mathematics,PR,Full,PR.Full,144970
MATH,Mathematics,PR,Full,PR.Full,71507
MATH,Mathematics,PR,Full,PR.Full,77354
MATH,Mathematics,PR,Full,PR.Full,88094
MATH,Mathematics,PR,Full,PR.Full,89234
MATH,Mathematics,PR,Full,PR.Full,92899
MATH,Mathematics,PR,Full,PR.Full,93896
MATH,Mathematics,PR,Full,PR.Full,94518
MATH,Mathematics,PR,Full,PR.Full,95000
MATH,Mathematics,PR,Full,PR.Full,97514
MATH,Mathematics,PR,Full,PR.Full,97808
MATH,Mathematics,PR,Full,PR.Full,99368
MATH,Mathematics,PR,Full,PR.Full,99619
MATH,Mathematics,PT,Assistant,PT.Assistant,79663
MATH,Mathematics,PT,Assistant,PT.Assistant,82000
MATH,Mathematics,PT,Assistant,PT.Assistant,82000
MATH,Mathematics,PT,Assistant,PT.Assistant,82199
MATH,Mathematics,PT,Assistant,PT.Assistant,86627
MGMT,Dept Mangement & Entrep,PC,Associate,PC.Associate,164900
MGMT,Dept Mangement & Entrep,PC,Associate,PC.Associate,164900
MGMT,Dept Mangement & Entrep,PC,Associate,PC.Associate,166900
MGMT,Dept Mangement & Entrep,PT,Assistant,PT.Assistant,129500
MGMT,Dept Mangement & Entrep,PT,Assistant,PT.Assistant,135200
MGMT,Dept Mangement & Entrep,PT,Assistant,PT.Assistant,135300
MGMT,Dept Mangement & Entrep,PT,Assistant,PT.Assistant,140500
MGMT,Dept Mangement & Entrep,PT,Assistant,PT.Assistant,142000
MKTG,School of Business Marketing Department,PC,Associate,PC.Associate,155400
MKTG,School of Business Marketing Department,PC,Associate,PC.Associate,165700
MKTG,School of Business Marketing Department,PC,Associate,PC.Associate,175100
MKTG,School of Business Marketing Department,PC,Associate,PC.Associate,182500
MKTG,School of Business Marketing Department,PC,Associate,PC.Associate,182500
MKTG,School of Business Marketing Department,PC,Associate,PC.Associate,182800
MKTG,School of Business Marketing Department,PR,Full,PR.Full,152600
MKTG,School of Business Marketing Department,PT,Assistant,PT.Assistant,150600
MKTG,School of Business Marketing Department,PT,Assistant,PT.Assistant,150600
MKTG,School of Business Marketing Department,PT,Assistant,PT.Assistant,151600
OADT,Business Operations & Decision Technolog,PC,Associate,PC.Associate,161900
OADT,Business Operations & Decision Technolog,PC,Associate,PC.Associate,167400
OADT,Business Operations & Decision Technolog,PC,Associate,PC.Associate,169100
OADT,Business Operations & Decision Technolog,PR,Full,PR.Full,157900
OADT,Business Operations & Decision Technolog,PR,Full,PR.Full,174100
OADT,Business Operations & Decision Technolog,PT,Assistant,PT.Assistant,132600
OADT,Business Operations & Decision Technolog,PT,Assistant,PT.Assistant,147000
OADT,Business Operations & Decision Technolog,PT,Assistant,PT.Assistant,147400
OADT,Business Operations & Decision Technolog,PT,Assistant,PT.Assistant,147400
OADT,Business Operations & Decision Technolog,PT,Assistant,PT.Assistant,150100
OADT,Business Operations & Decision Technolog,PT,Assistant,PT.Assistant,152600
OADT,Business Operations & Decision Technolog,PT,Assistant,PT.Assistant,152600
PHYS,Physics,PC,Associate,PC.Associate,91540
PHYS,Physics,PC,Associate,PC.Associate,92411
PHYS,Physics,PC,Associate,PC.Associate,95000
PHYS,Physics,PC,Associate,PC.Associate,97000
PHYS,Physics,PC,Associate,PC.Associate,99494
PHYS,Physics,PR,Full,PR.Full,103000
PHYS,Physics,PR,Full,PR.Full,109952
PHYS,Physics,PR,Full,PR.Full,112616
PHYS,Physics,PR,Full,PR.Full,118907
PHYS,Physics,PR,Full,PR.Full,119789
PHYS,Physics,PR,Full,PR.Full,130673
PHYS,Physics,PR,Full,PR.Full,133999
PHYS,Physics,PR,Full,PR.Full,137763
PHYS,Physics,PR,Full,PR.Full,137860
PHYS,Physics,PR,Full,PR.Full,144197
PHYS,Physics,PR,Full,PR.Full,147360
PHYS,Physics,PR,Full,PR.Full,170445
PHYS,Physics,PR,Full,PR.Full,172237
PHYS,Physics,PR,Full,PR.Full,172753
PHYS,Physics,PR,Full,PR.Full,186971
PHYS,Physics,PR,Full,PR.Full,95893
PHYS,Physics,PT,Assistant,PT.Assistant,76748
PHYS,Physics,PT,Assistant,PT.Assistant,76836
PHYS,Physics,PT,Assistant,PT.Assistant,76922
PHYS,Physics,PT,Assistant,PT.Assistant,77000
PHYS,Physics,PT,Assistant,PT.Assistant,77277
PHYS,Physics,PT,Assistant,PT.Assistant,79175
PHYS,Physics,PT,Assistant,PT.Assistant,79861
PHYS,Physics,PT,Assistant,PT.Assistant,81777
PSY,Psychological & Brain Sciences,PC,Associate,PC.Associate,105000
PSY,Psychological & Brain Sciences,PC,Associate,PC.Associate,73856
PSY,Psychological & Brain Sciences,PC,Associate,PC.Associate,75988
PSY,Psychological & Brain Sciences,PC,Associate,PC.Associate,77612
PSY,Psychological & Brain Sciences,PC,Associate,PC.Associate,78649
PSY,Psychological & Brain Sciences,PC,Associate,PC.Associate,80149
PSY,Psychological & Brain Sciences,PC,Associate,PC.Associate,82855
PSY,Psychological & Brain Sciences,PC,Associate,PC.Associate,83500
PSY,Psychological & Brain Sciences,PC,Associate,PC.Associate,95504
PSY,Psychological & Brain Sciences,PR,Full,PR.Full,109891
PSY,Psychological & Brain Sciences,PR,Full,PR.Full,110804
PSY,Psychological & Brain Sciences,PR,Full,PR.Full,112903
PSY,Psychological & Brain Sciences,PR,Full,PR.Full,121111
PSY,Psychological & Brain Sciences,PR,Full,PR.Full,135559
PSY,Psychological & Brain Sciences,PR,Full,PR.Full,144743
PSY,Psychological & Brain Sciences,PR,Full,PR.Full,147655
PSY,Psychological & Brain Sciences,PR,Full,PR.Full,173302
PSY,Psychological & Brain Sciences,PR,Full,PR.Full,80539
PSY,Psychological & Brain Sciences,PR,Full,PR.Full,83024
PSY,Psychological & Brain Sciences,PR,Full,PR.Full,84818
PSY,Psychological & Brain Sciences,PR,Full,PR.Full,86231
PSY,Psychological & Brain Sciences,PR,Full,PR.Full,91171
PSY,Psychological & Brain Sciences,PR,Full,PR.Full,98707
PSY,Psychological & Brain Sciences,PR,Full,PR.Full,99464
PSY,Psychological & Brain Sciences,PT,Assistant,PT.Assistant,77077
PSY,Psychological & Brain Sciences,PT,Assistant,PT.Assistant,79500
PSY,Psychological & Brain Sciences,PT,Assistant,PT.Assistant,80500
PSY,Psychological & Brain Sciences,PT,Assistant,PT.Assistant,83000
PSY,Psychological & Brain Sciences,PT,Assistant,PT.Assistant,86000
PSY,Psychological & Brain Sciences,PT,Assistant,PT.Assistant,87514
SOC,Sociology,PC,Associate,PC.Associate,100498
SOC,Sociology,PC,Associate,PC.Associate,106000
SOC,Sociology,PC,Associate,PC.Associate,66690
SOC,Sociology,PC,Associate,PC.Associate,82443
SOC,Sociology,PC,Associate,PC.Associate,83273
SOC,Sociology,PC,Associate,PC.Associate,86879
SOC,Sociology,PC,Associate,PC.Associate,86883
SOC,Sociology,PR,Full,PR.Full,101786
SOC,Sociology,PR,Full,PR.Full,113874
SOC,Sociology,PR,Full,PR.Full,117240
SOC,Sociology,PR,Full,PR.Full,127805
SOC,Sociology,PT,Assistant,PT.Assistant,72876
SOC,Sociology,PT,Assistant,PT.Assistant,74832
SOC,Sociology,PT,Assistant,PT.Assistant,75000
SOC,Sociology,PT,Assistant,PT.Assistant,75295
SOC,Sociology,PT,Assistant,PT.Assistant,76000
SPEA,Public & Environmental Affairs,PC,Associate,PC.Associate,100475
SPEA,Public & Environmental Affairs,PC,Associate,PC.Associate,103674
SPEA,Public & Environmental Affairs,PC,Associate,PC.Associate,104228
SPEA,Public & Environmental Affairs,PC,Associate,PC.Associate,107422
SPEA,Public & Environmental Affairs,PC,Associate,PC.Associate,109833
SPEA,Public & Environmental Affairs,PC,Associate,PC.Associate,115000
SPEA,Public & Environmental Affairs,PC,Associate,PC.Associate,119961
SPEA,Public & Environmental Affairs,PC,Associate,PC.Associate,139528
SPEA,Public & Environmental Affairs,PC,Associate,PC.Associate,81200
SPEA,Public & Environmental Affairs,PC,Associate,PC.Associate,89818
SPEA,Public & Environmental Affairs,PC,Associate,PC.Associate,95366
SPEA,Public & Environmental Affairs,PC,Associate,PC.Associate,96149
SPEA,Public & Environmental Affairs,PC,Associate,PC.Associate,96600
SPEA,Public & Environmental Affairs,PR,Full,PR.Full,124376
SPEA,Public & Environmental Affairs,PR,Full,PR.Full,127355
SPEA,Public & Environmental Affairs,PR,Full,PR.Full,133320
SPEA,Public & Environmental Affairs,PR,Full,PR.Full,137615
SPEA,Public & Environmental Affairs,PR,Full,PR.Full,139719
SPEA,Public & Environmental Affairs,PR,Full,PR.Full,153000
SPEA,Public & Environmental Affairs,PR,Full,PR.Full,162070
SPEA,Public & Environmental Affairs,PR,Full,PR.Full,169912
SPEA,Public & Environmental Affairs,PT,Assistant,PT.Assistant,100319
SPEA,Public & Environmental Affairs,PT,Assistant,PT.Assistant,100565
SPEA,Public & Environmental Affairs,PT,Assistant,PT.Assistant,100775
SPEA,Public & Environmental Affairs,PT,Assistant,PT.Assistant,106518
SPEA,Public & Environmental Affairs,PT,Assistant,PT.Assistant,112270
SPEA,Public & Environmental Affairs,PT,Assistant,PT.Assistant,79050
SPEA,Public & Environmental Affairs,PT,Assistant,PT.Assistant,82020
SPEA,Public & Environmental Affairs,PT,Assistant,PT.Assistant,88010
SPEA,Public & Environmental Affairs,PT,Assistant,PT.Assistant,90610
SPEA,Public & Environmental Affairs,PT,Assistant,PT.Assistant,92925
SPEA,Public & Environmental Affairs,PT,Assistant,PT.Assistant,95492
SPEA,Public & Environmental Affairs,PT,Assistant,PT.Assistant,96447
SPEA,Public & Environmental Affairs,PT,Assistant,PT.Assistant,98161
SPEA,Public & Environmental Affairs,PT,Assistant,PT.Assistant,99972
