﻿Name;Größe;Vorname;Nachname;Downloads;Datum;Pfad
"Beschreibung Abbildungen mit Excel.pdf";397390;York;Hagmayer;319;"12.11.2021 17:24";"Beschreibung Abbildungen mit Excel.pdf"
"Formelsammlung Deskriptive Statistiken.pdf";677738;York;Hagmayer;344;"12.11.2021 17:24";"Formelsammlung Deskriptive Statistiken.pdf"
"Formelsammlung Häufigkeiten und Chi^2Test.pdf";703014;York;Hagmayer;37;"17.01.2022 11:57";"Formelsammlung Häufigkeiten und Chi^2Test.pdf"
"Formelsammlung Kontraste.pdf";255010;York;Hagmayer;200;"05.01.2022 13:26";"Formelsammlung Kontraste.pdf"
"Formelsammlung Korrelation.pdf";935441;York;Hagmayer;47;"17.01.2022 11:57";"Formelsammlung Korrelation.pdf"
"Formelsammlung Rangtests.pdf";668384;York;Hagmayer;122;"14.01.2022 12:44";"Formelsammlung Rangtests.pdf"
"Formelsammlung t-Test.pdf";830762;York;Hagmayer;393;"26.11.2021 11:31";"Formelsammlung t-Test.pdf"
GPower.pdf;383354;York;Hagmayer;76;"14.01.2022 12:44";GPower.pdf
Übersicht_Verfahren.pdf;96709;York;Hagmayer;47;"17.01.2022 11:57";Übersicht_Verfahren.pdf
